{"cameraMode":{"drawMode":0,"name":"Shaded","section":"Shading Mode"},"sceneLighting":true,"audioPlay":false,"sceneViewState":{"m_AlwaysRefresh":false,"showFog":true,"showSkybox":true,"showFlares":true,"showImageEffects":true,"showParticleSystems":true,"showVisualEffectGraphs":true,"m_FxEnabled":true},"in2DMode":false,"pivot":{"x":2.4647462368011476,"y":-8.11245346069336,"z":16.652469635009767},"rotation":{"x":-0.1806585192680359,"y":-0.040394481271505359,"z":0.007469625677913427,"w":-0.9827046394348145},"size":17.775819778442384,"orthographic":false}