{"cameraMode":{"drawMode":0,"name":"Shaded","section":"Shading Mode"},"sceneLighting":true,"audioPlay":false,"sceneViewState":{"m_AlwaysRefresh":false,"showFog":true,"showSkybox":true,"showFlares":true,"showImageEffects":true,"showParticleSystems":true,"showVisualEffectGraphs":true,"m_FxEnabled":true},"in2DMode":false,"pivot":{"x":-0.3602290153503418,"y":-0.39040231704711916,"z":9.561763763427735},"rotation":{"x":-0.08486850559711456,"y":0.13943979144096375,"z":-0.011951385997235775,"w":-0.9865314364433289},"size":9.227775573730469,"orthographic":false}